Ticker;EarningsDate
PONY;2025/11/25	
CRWV;2025/11/10	
OLMA;2025/11/10	
ALVO;2025/11/12	
INDI;2025/11/06	
CRML;2025/03/19	
TTGT;2026/02/05	
AAPL;2026/01/29	
INFY;2026/01/14	
RIVN;2025/11/04	
ALVO;2025/11/12	
KVUE;2025/11/03	
ASML;2026/01/28	
AGX;2025/12/04	
PRAX;2025/11/06	
CIEN;2026/03/10	
SYM;2026/02/02	
AVGO;2026/03/04	
HL;2025/11/05	
INSM;2025/10/30	
LITE;2026/02/05	
CRDO;2025/12/01	
EQX;2025/11/05	
KLAC;2026/01/29	
PLD;2026/01/21	
ORCL;2026/03/09	
ASTS;2026/03/02	
MU;2025/12/17	
PLTR;2026/02/02	
DUOL;2025/11/05	
DUOL;2026/02/26	
VST;2025/11/06	
NOG;2025/11/06	
DUOL;2025/11/05	
RARE;2025/11/04	
HPP;2026/02/26	
FLO;2025/11/06	
NSIT;2025/10/30	
SFM;2025/10/29	
PCVX;2025/11/04	
ARE;2026/01/26	
PRMB;2025/11/06	
BLSH;2026/02/05	
MARA;2025/11/04	
ASGN;2025/10/22	
GTLB;2026/03/02	
RXO;2026/02/06	
STUB;2025/11/13	
TREX;2025/11/04	
ARX;2025/11/12	
GDDY;2025/10/30	
FLY;2025/11/12	
COTY;2025/11/05	
INSP;2026/02/11	
QFIN;2025/11/19	
IT;2025/11/04	
MSTR;2026/02/05	
CIVI;2025/11/06	
OGN;2025/11/06	
DECK;2026/01/29	
RH;2025/12/11	
WPP;2025/08/07	
CRGY;2026/02/25	
SPSC;2025/10/30	
TLX;2025/08/20	
VIA;2026/02/27	
HUBS;2026/02/11	
ENPH;2025/10/28	
LULU;2025/12/11	
GEO;2025/11/06	
VERX;2026/02/11	
CHA;2026/02/27	
SM;2025/11/03	
FRPT;2025/11/03	
RHI;2026/01/28	
WIX;2026/02/18	
SRPT;2025/11/03	
VG;2025/11/10	
TTD;2026/02/12	
FIG;2025/11/05	
GLOB;2025/11/13	
FISV;2026/02/04	
BRBR;2026/02/03	
LCID;2026/02/24	
KTOS;2026/02/26	
NGD;2025/10/28	
UUUU;2025/11/03	
COMM;2025/10/30	
IREN;2026/02/11	
LITE;2026/02/03	
ASTS;2026/03/02	
LEU;2025/11/05	
ATRO;2025/11/04	
HL;2025/11/05	
BMNR;2026/04/14	
WDC;2026/01/29	
OKLO;2025/11/11	
APLD;2026/01/07	
LASR;2025/11/06	
PRAX;2025/11/06	
ARMN;2025/10/29	
COGT;2025/11/03	
VSAT;2026/02/05	
OPEN;2025/11/06	
SBSW;2025/08/28	
GRAL;2025/11/12	
BE;2025/10/28	
QBTS;2025/11/06	
OLMA;2025/11/10	
SATS;2025/11/06	
TMC;2025/11/13	
ONDS;2025/11/12	
PL;2025/12/10	
SNDK;2026/01/29	
TERN;2025/11/10	
CELC;2025/11/13	
ALM;2025/11/03	
RGC;2025/11/18	
ABVX;2026/03/23	
NBY;2025/08/12	
HYMC;2026/02/05	
DSVSF;2025/11/13	
NUTX;2026/03/31	
ALVO;2026/03/18	
KVUE;2025/11/03	
NEOG;2026/04/08	
ABVX;2026/03/23	
ONDS;2025/11/12	
SNDK;2026/01/29	
LRCX;2026/01/28	
AMAT;2025/11/13	
QCOM;2026/02/04	
NVDA;2026/02/25	
AMD;2026/02/03	
INTC;2026/01/22	
TXN;2026/01/27	
LLY;2026/02/04	
DUOL;2025/11/05	
ASML;2026/01/28	
AGX;2025/12/04	
PRAX;2025/11/06	
CIEN;2026/03/10	
SYM;2026/02/04	
AVGO;2026/03/04	
HL;2025/11/05	
INSM;2025/10/30	
LITE;2026/02/03	
CRDO;2025/12/01	
EQX;2025/11/05	
KLAC;2026/01/29	
PLD;2026/01/21	
ORCL;2026/03/09	
ASTS;2026/03/02	
MU;2025/12/17	
PLTR;2026/02/02	
